New Zealand\Egypt,0,1,2,3,4,5+
0,0.0870370370,0.1488888889,0.1155555556,0.0518518519,0.0170370370,0.0151851852
1,0.0814814815,0.1281481481,0.0922222222,0.0470370370,0.0188888889,0.0100000000
2,0.0225925926,0.0470370370,0.0340740741,0.0240740741,0.0074074074,0.0070370370
3,0.0051851852,0.0103703704,0.0092592593,0.0066666667,0.0018518519,0.0018518519
4,0.0000000000,0.0037037037,0.0022222222,0.0007407407,0.0000000000,0.0003703704
5+,0.0003703704,0.0003703704,0.0007407407,0.0003703704,0.0000000000,0.0003703704
