Colombia\DR Congo,0,1,2,3,4,5+
0,0.0718518519,0.0870370370,0.0251851852,0.0092592593,0.0007407407,0.0003703704
1,0.1262962963,0.1185185185,0.0455555556,0.0155555556,0.0037037037,0.0007407407
2,0.0951851852,0.1044444444,0.0459259259,0.0166666667,0.0022222222,0.0000000000
3,0.0422222222,0.0614814815,0.0322222222,0.0100000000,0.0018518519,0.0003703704
4,0.0211111111,0.0177777778,0.0129629630,0.0044444444,0.0011111111,0.0000000000
5+,0.0085185185,0.0077777778,0.0055555556,0.0014814815,0.0018518519,0.0000000000
