Scotland\Morocco,0,1,2,3,4,5+
0,0.0970370370,0.1125925926,0.0633333333,0.0262962963,0.0077777778,0.0022222222
1,0.0988888889,0.1437037037,0.0755555556,0.0314814815,0.0066666667,0.0029629630
2,0.0548148148,0.0711111111,0.0544444444,0.0214814815,0.0051851852,0.0029629630
3,0.0233333333,0.0329629630,0.0207407407,0.0107407407,0.0014814815,0.0011111111
4,0.0062962963,0.0055555556,0.0085185185,0.0029629630,0.0014814815,0.0000000000
5+,0.0014814815,0.0029629630,0.0011111111,0.0003703704,0.0003703704,0.0000000000
