Jordan\Argentina,0,1,2,3,4,5+
0,0.1025925926,0.2051851852,0.1862962963,0.1125925926,0.0522222222,0.0318518519
1,0.0351851852,0.0762962963,0.0740740741,0.0359259259,0.0214814815,0.0122222222
2,0.0055555556,0.0159259259,0.0103703704,0.0100000000,0.0033333333,0.0025925926
3,0.0000000000,0.0014814815,0.0018518519,0.0014814815,0.0003703704,0.0007407407
4,0.0000000000,0.0000000000,0.0000000000,0.0000000000,0.0003703704,0.0000000000
5+,0.0000000000,0.0000000000,0.0000000000,0.0000000000,0.0000000000,0.0000000000
