Switzerland\Canada,0,1,2,3,4,5+
0,0.0977777778,0.1007407407,0.0418518519,0.0170370370,0.0040740741,0.0018518519
1,0.1196296296,0.1466666667,0.0725925926,0.0225925926,0.0018518519,0.0022222222
2,0.0685185185,0.0837037037,0.0407407407,0.0177777778,0.0048148148,0.0029629630
3,0.0274074074,0.0418518519,0.0229629630,0.0081481481,0.0025925926,0.0003703704
4,0.0085185185,0.0140740741,0.0118518519,0.0018518519,0.0011111111,0.0011111111
5+,0.0033333333,0.0037037037,0.0025925926,0.0011111111,0.0000000000,0.0000000000
