Iraq\Norway,0,1,2,3,4,5+
0,0.0762962963,0.1414814815,0.1396296296,0.0755555556,0.0340740741,0.0262962963
1,0.0470370370,0.1022222222,0.0951851852,0.0544444444,0.0314814815,0.0159259259
2,0.0096296296,0.0314814815,0.0348148148,0.0277777778,0.0144444444,0.0070370370
3,0.0025925926,0.0062962963,0.0085185185,0.0062962963,0.0029629630,0.0014814815
4,0.0003703704,0.0022222222,0.0025925926,0.0011111111,0.0003703704,0.0000000000
5+,0.0000000000,0.0003703704,0.0000000000,0.0000000000,0.0000000000,0.0000000000
