New Zealand\Belgium,0,1,2,3,4,5+
0,0.1203703704,0.1803703704,0.1425925926,0.0611111111,0.0218518519,0.0118518519
1,0.0759259259,0.1103703704,0.0807407407,0.0388888889,0.0177777778,0.0081481481
2,0.0170370370,0.0348148148,0.0233333333,0.0203703704,0.0066666667,0.0029629630
3,0.0029629630,0.0077777778,0.0081481481,0.0014814815,0.0007407407,0.0003703704
4,0.0003703704,0.0011111111,0.0011111111,0.0000000000,0.0000000000,0.0000000000
5+,0.0003703704,0.0003703704,0.0000000000,0.0000000000,0.0000000000,0.0000000000
