United States\Australia,0,1,2,3,4,5+
0,0.0974074074,0.1137037037,0.0555555556,0.0233333333,0.0081481481,0.0018518519
1,0.0966666667,0.1418518519,0.0759259259,0.0296296296,0.0074074074,0.0014814815
2,0.0548148148,0.0788888889,0.0533333333,0.0185185185,0.0100000000,0.0014814815
3,0.0274074074,0.0296296296,0.0240740741,0.0103703704,0.0011111111,0.0018518519
4,0.0070370370,0.0081481481,0.0081481481,0.0033333333,0.0007407407,0.0007407407
5+,0.0018518519,0.0029629630,0.0007407407,0.0011111111,0.0007407407,0.0000000000
