Austria\Jordan,0,1,2,3,4,5+
0,0.1237037037,0.1044444444,0.0377777778,0.0096296296,0.0011111111,0.0007407407
1,0.1429629630,0.1507407407,0.0570370370,0.0151851852,0.0033333333,0.0011111111
2,0.0818518519,0.0911111111,0.0366666667,0.0114814815,0.0011111111,0.0007407407
3,0.0340740741,0.0351851852,0.0174074074,0.0062962963,0.0011111111,0.0007407407
4,0.0081481481,0.0137037037,0.0033333333,0.0014814815,0.0003703704,0.0003703704
5+,0.0025925926,0.0018518519,0.0018518519,0.0007407407,0.0000000000,0.0000000000
