Panama\Croatia,0,1,2,3,4,5+
0,0.1129629630,0.1637037037,0.1251851852,0.0496296296,0.0185185185,0.0088888889
1,0.0777777778,0.1322222222,0.0807407407,0.0377777778,0.0188888889,0.0092592593
2,0.0240740741,0.0407407407,0.0307407407,0.0177777778,0.0096296296,0.0029629630
3,0.0066666667,0.0103703704,0.0114814815,0.0044444444,0.0007407407,0.0000000000
4,0.0003703704,0.0014814815,0.0011111111,0.0003703704,0.0003703704,0.0000000000
5+,0.0003703704,0.0000000000,0.0007407407,0.0000000000,0.0000000000,0.0000000000
