Jordan\Algeria,0,1,2,3,4,5+
0,0.0888888889,0.1385185185,0.0977777778,0.0418518519,0.0181481481,0.0103703704
1,0.0814814815,0.1218518519,0.0922222222,0.0437037037,0.0211111111,0.0103703704
2,0.0300000000,0.0537037037,0.0433333333,0.0277777778,0.0114814815,0.0066666667
3,0.0085185185,0.0129629630,0.0144444444,0.0081481481,0.0033333333,0.0011111111
4,0.0003703704,0.0040740741,0.0033333333,0.0018518519,0.0003703704,0.0000000000
5+,0.0003703704,0.0011111111,0.0007407407,0.0000000000,0.0000000000,0.0000000000
