Turkey\United States,0,1,2,3,4,5+
0,0.0985185185,0.1081481481,0.0574074074,0.0251851852,0.0059259259,0.0011111111
1,0.1096296296,0.1333333333,0.0700000000,0.0303703704,0.0111111111,0.0040740741
2,0.0685185185,0.0725925926,0.0474074074,0.0170370370,0.0070370370,0.0025925926
3,0.0222222222,0.0370370370,0.0214814815,0.0096296296,0.0029629630,0.0014814815
4,0.0070370370,0.0081481481,0.0085185185,0.0018518519,0.0007407407,0.0003703704
5+,0.0018518519,0.0037037037,0.0029629630,0.0000000000,0.0000000000,0.0000000000
