Morocco\Haiti,0,1,2,3,4,5+
0,0.1007407407,0.0429629630,0.0118518519,0.0025925926,0.0003703704,0.0000000000
1,0.1814814815,0.0974074074,0.0218518519,0.0055555556,0.0000000000,0.0000000000
2,0.1492592593,0.0907407407,0.0251851852,0.0040740741,0.0011111111,0.0000000000
3,0.0855555556,0.0566666667,0.0129629630,0.0040740741,0.0003703704,0.0000000000
4,0.0392592593,0.0211111111,0.0055555556,0.0018518519,0.0003703704,0.0000000000
5+,0.0211111111,0.0137037037,0.0011111111,0.0011111111,0.0000000000,0.0000000000
