Curacao\Ivory Coast,0,1,2,3,4,5+
0,0.1244444444,0.1833333333,0.1444444444,0.0714814815,0.0255555556,0.0148148148
1,0.0611111111,0.1103703704,0.0811111111,0.0400000000,0.0174074074,0.0077777778
2,0.0140740741,0.0262962963,0.0270370370,0.0200000000,0.0077777778,0.0040740741
3,0.0018518519,0.0037037037,0.0062962963,0.0033333333,0.0011111111,0.0011111111
4,0.0000000000,0.0011111111,0.0000000000,0.0003703704,0.0000000000,0.0000000000
5+,0.0000000000,0.0000000000,0.0000000000,0.0000000000,0.0000000000,0.0000000000
