Mexico\Korea Republic,0,1,2,3,4,5+
0,0.0955555556,0.1074074074,0.0474074074,0.0185185185,0.0059259259,0.0011111111
1,0.1203703704,0.1314814815,0.0688888889,0.0244444444,0.0059259259,0.0040740741
2,0.0681481481,0.0788888889,0.0477777778,0.0162962963,0.0037037037,0.0018518519
3,0.0248148148,0.0403703704,0.0262962963,0.0125925926,0.0033333333,0.0003703704
4,0.0100000000,0.0096296296,0.0111111111,0.0040740741,0.0003703704,0.0003703704
5+,0.0018518519,0.0037037037,0.0022222222,0.0007407407,0.0003703704,0.0000000000
