France\Iraq,0,1,2,3,4,5+
0,0.0659259259,0.0340740741,0.0062962963,0.0007407407,0.0003703704,0.0000000000
1,0.1507407407,0.0788888889,0.0211111111,0.0022222222,0.0007407407,0.0000000000
2,0.1588888889,0.0881481481,0.0281481481,0.0051851852,0.0014814815,0.0000000000
3,0.0951851852,0.0611111111,0.0166666667,0.0037037037,0.0000000000,0.0000000000
4,0.0581481481,0.0337037037,0.0111111111,0.0025925926,0.0003703704,0.0000000000
5+,0.0396296296,0.0251851852,0.0077777778,0.0014814815,0.0003703704,0.0000000000
