DR Congo\Uzbekistan,0,1,2,3,4,5+
0,0.1085185185,0.0929629630,0.0325925926,0.0074074074,0.0022222222,0.0000000000
1,0.1437037037,0.1251851852,0.0474074074,0.0111111111,0.0018518519,0.0003703704
2,0.0996296296,0.0922222222,0.0433333333,0.0107407407,0.0022222222,0.0007407407
3,0.0433333333,0.0462962963,0.0225925926,0.0066666667,0.0014814815,0.0007407407
4,0.0166666667,0.0174074074,0.0062962963,0.0014814815,0.0003703704,0.0000000000
5+,0.0062962963,0.0040740741,0.0029629630,0.0003703704,0.0007407407,0.0000000000
