Tunisia\Netherlands,0,1,2,3,4,5+
0,0.0677777778,0.1733333333,0.1870370370,0.1418518519,0.0829629630,0.0629629630
1,0.0188888889,0.0511111111,0.0688888889,0.0488888889,0.0325925926,0.0244444444
2,0.0014814815,0.0085185185,0.0096296296,0.0081481481,0.0051851852,0.0040740741
3,0.0003703704,0.0007407407,0.0000000000,0.0003703704,0.0000000000,0.0007407407
4,0.0000000000,0.0000000000,0.0000000000,0.0000000000,0.0000000000,0.0000000000
5+,0.0000000000,0.0000000000,0.0000000000,0.0000000000,0.0000000000,0.0000000000
