Netherlands\Sweden,0,1,2,3,4,5+
0,0.0592592593,0.0718518519,0.0433333333,0.0148148148,0.0048148148,0.0018518519
1,0.0822222222,0.1177777778,0.0774074074,0.0329629630,0.0137037037,0.0048148148
2,0.0544444444,0.0966666667,0.0766666667,0.0225925926,0.0100000000,0.0011111111
3,0.0262962963,0.0429629630,0.0314814815,0.0196296296,0.0062962963,0.0014814815
4,0.0133333333,0.0207407407,0.0155555556,0.0081481481,0.0033333333,0.0025925926
5+,0.0048148148,0.0037037037,0.0081481481,0.0025925926,0.0018518519,0.0007407407
