South Africa\South Korea,0,1,2,3,4,5+
0,0.1103703704,0.1644444444,0.1211111111,0.0418518519,0.0170370370,0.0085185185
1,0.0851851852,0.1296296296,0.0874074074,0.0311111111,0.0144444444,0.0062962963
2,0.0248148148,0.0496296296,0.0355555556,0.0214814815,0.0074074074,0.0018518519
3,0.0059259259,0.0096296296,0.0111111111,0.0051851852,0.0014814815,0.0011111111
4,0.0011111111,0.0025925926,0.0022222222,0.0003703704,0.0003703704,0.0000000000
5+,0.0003703704,0.0000000000,0.0003703704,0.0000000000,0.0000000000,0.0000000000
