Scotland\Brazil,0,1,2,3,4,5+
0,0.0911111111,0.1466666667,0.1174074074,0.0548148148,0.0218518519,0.0148148148
1,0.0744444444,0.1288888889,0.0948148148,0.0440740741,0.0214814815,0.0114814815
2,0.0222222222,0.0451851852,0.0325925926,0.0233333333,0.0077777778,0.0044444444
3,0.0066666667,0.0074074074,0.0107407407,0.0070370370,0.0014814815,0.0011111111
4,0.0000000000,0.0029629630,0.0025925926,0.0007407407,0.0000000000,0.0007407407
5+,0.0003703704,0.0000000000,0.0007407407,0.0000000000,0.0000000000,0.0000000000
