Switzerland\Bosnia and Herzegovina,0,1,2,3,4,5+
0,0.1181481481,0.0951851852,0.0270370370,0.0062962963,0.0018518519,0.0000000000
1,0.1603703704,0.1333333333,0.0459259259,0.0111111111,0.0014814815,0.0011111111
2,0.0933333333,0.0859259259,0.0392592593,0.0088888889,0.0011111111,0.0011111111
3,0.0437037037,0.0433333333,0.0170370370,0.0070370370,0.0011111111,0.0000000000
4,0.0159259259,0.0174074074,0.0062962963,0.0025925926,0.0000000000,0.0000000000
5+,0.0062962963,0.0033333333,0.0022222222,0.0014814815,0.0007407407,0.0000000000
