Ecuador\Germany,0,1,2,3,4,5+
0,0.0929629630,0.1429629630,0.0888888889,0.0444444444,0.0111111111,0.0070370370
1,0.0959259259,0.1359259259,0.0866666667,0.0351851852,0.0081481481,0.0051851852
2,0.0333333333,0.0629629630,0.0500000000,0.0207407407,0.0088888889,0.0025925926
3,0.0070370370,0.0144444444,0.0151851852,0.0088888889,0.0033333333,0.0011111111
4,0.0037037037,0.0029629630,0.0044444444,0.0018518519,0.0014814815,0.0000000000
5+,0.0007407407,0.0003703704,0.0007407407,0.0007407407,0.0000000000,0.0000000000
