Algeria\Austria,0,1,2,3,4,5+
0,0.0962962963,0.1166666667,0.0540740741,0.0288888889,0.0081481481,0.0029629630
1,0.0948148148,0.1374074074,0.0792592593,0.0311111111,0.0074074074,0.0014814815
2,0.0570370370,0.0755555556,0.0551851852,0.0192592593,0.0100000000,0.0033333333
3,0.0218518519,0.0311111111,0.0211111111,0.0118518519,0.0014814815,0.0011111111
4,0.0074074074,0.0044444444,0.0070370370,0.0037037037,0.0018518519,0.0003703704
5+,0.0014814815,0.0040740741,0.0007407407,0.0011111111,0.0003703704,0.0000000000
