Czechia\Mexico,0,1,2,3,4,5+
0,0.1055555556,0.1451851852,0.0992592593,0.0366666667,0.0151851852,0.0066666667
1,0.0970370370,0.1281481481,0.0929629630,0.0322222222,0.0181481481,0.0048148148
2,0.0296296296,0.0592592593,0.0381481481,0.0233333333,0.0081481481,0.0025925926
3,0.0092592593,0.0140740741,0.0137037037,0.0062962963,0.0025925926,0.0022222222
4,0.0011111111,0.0025925926,0.0022222222,0.0003703704,0.0000000000,0.0003703704
5+,0.0003703704,0.0007407407,0.0007407407,0.0003703704,0.0000000000,0.0000000000
