Germany\Ivory Coast,0,1,2,3,4,5+
0,0.0655555556,0.0733333333,0.0281481481,0.0103703704,0.0022222222,0.0007407407
1,0.1040740741,0.1277777778,0.0540740741,0.0170370370,0.0051851852,0.0014814815
2,0.0807407407,0.1040740741,0.0622222222,0.0200000000,0.0044444444,0.0011111111
3,0.0388888889,0.0551851852,0.0348148148,0.0111111111,0.0018518519,0.0000000000
4,0.0196296296,0.0196296296,0.0151851852,0.0074074074,0.0022222222,0.0003703704
5+,0.0100000000,0.0100000000,0.0062962963,0.0022222222,0.0025925926,0.0000000000
