Belgium\Iran,0,1,2,3,4,5+
0,0.1177777778,0.1048148148,0.0488888889,0.0192592593,0.0029629630,0.0007407407
1,0.1311111111,0.1496296296,0.0670370370,0.0200000000,0.0029629630,0.0018518519
2,0.0729629630,0.0788888889,0.0444444444,0.0122222222,0.0029629630,0.0011111111
3,0.0303703704,0.0292592593,0.0162962963,0.0062962963,0.0014814815,0.0011111111
4,0.0070370370,0.0107407407,0.0096296296,0.0014814815,0.0007407407,0.0000000000
5+,0.0011111111,0.0029629630,0.0011111111,0.0007407407,0.0000000000,0.0000000000
