Portugal\DR Congo,0,1,2,3,4,5+
0,0.0685185185,0.0640740741,0.0222222222,0.0074074074,0.0003703704,0.0000000000
1,0.1248148148,0.1066666667,0.0470370370,0.0144444444,0.0040740741,0.0007407407
2,0.1000000000,0.0977777778,0.0544444444,0.0174074074,0.0014814815,0.0003703704
3,0.0629629630,0.0585185185,0.0292592593,0.0133333333,0.0022222222,0.0007407407
4,0.0203703704,0.0262962963,0.0122222222,0.0033333333,0.0000000000,0.0000000000
5+,0.0100000000,0.0170370370,0.0074074074,0.0022222222,0.0018518519,0.0003703704
