Spain\Saudi Arabia,0,1,2,3,4,5+
0,0.0903703704,0.0185185185,0.0051851852,0.0000000000,0.0000000000,0.0000000000
1,0.1874074074,0.0688888889,0.0107407407,0.0011111111,0.0000000000,0.0000000000
2,0.1829629630,0.0685185185,0.0111111111,0.0014814815,0.0000000000,0.0000000000
3,0.1229629630,0.0492592593,0.0111111111,0.0011111111,0.0003703704,0.0000000000
4,0.0674074074,0.0222222222,0.0044444444,0.0003703704,0.0000000000,0.0000000000
5+,0.0507407407,0.0196296296,0.0037037037,0.0003703704,0.0000000000,0.0000000000
