Uruguay\Spain,0,1,2,3,4,5+
0,0.0637037037,0.1133333333,0.0981481481,0.0507407407,0.0170370370,0.0125925926
1,0.0685185185,0.1133333333,0.1033333333,0.0522222222,0.0237037037,0.0129629630
2,0.0251851852,0.0585185185,0.0470370370,0.0255555556,0.0151851852,0.0107407407
3,0.0088888889,0.0203703704,0.0211111111,0.0111111111,0.0040740741,0.0029629630
4,0.0025925926,0.0022222222,0.0062962963,0.0033333333,0.0014814815,0.0000000000
5+,0.0000000000,0.0011111111,0.0011111111,0.0003703704,0.0007407407,0.0003703704
