Czechia\South Africa,0,1,2,3,4,5+
0,0.1107407407,0.0918518519,0.0200000000,0.0077777778,0.0007407407,0.0000000000
1,0.1462962963,0.1296296296,0.0462962963,0.0088888889,0.0018518519,0.0011111111
2,0.0974074074,0.0974074074,0.0385185185,0.0096296296,0.0011111111,0.0007407407
3,0.0525925926,0.0466666667,0.0203703704,0.0092592593,0.0018518519,0.0000000000
4,0.0181481481,0.0166666667,0.0059259259,0.0007407407,0.0003703704,0.0000000000
5+,0.0062962963,0.0055555556,0.0033333333,0.0018518519,0.0003703704,0.0000000000
