Tunisia\Japan,0,1,2,3,4,5+
0,0.1248148148,0.1740740741,0.1148148148,0.0444444444,0.0166666667,0.0077777778
1,0.0851851852,0.1274074074,0.0829629630,0.0311111111,0.0144444444,0.0066666667
2,0.0262962963,0.0474074074,0.0311111111,0.0185185185,0.0066666667,0.0014814815
3,0.0066666667,0.0092592593,0.0103703704,0.0037037037,0.0011111111,0.0003703704
4,0.0011111111,0.0011111111,0.0022222222,0.0011111111,0.0007407407,0.0000000000
5+,0.0003703704,0.0000000000,0.0000000000,0.0000000000,0.0000000000,0.0000000000
