Senegal\Iraq,0,1,2,3,4,5+
0,0.0722222222,0.0622222222,0.0225925926,0.0051851852,0.0000000000,0.0000000000
1,0.1225925926,0.1185185185,0.0481481481,0.0129629630,0.0044444444,0.0007407407
2,0.1077777778,0.0985185185,0.0448148148,0.0137037037,0.0014814815,0.0007407407
3,0.0529629630,0.0644444444,0.0300000000,0.0066666667,0.0014814815,0.0000000000
4,0.0262962963,0.0248148148,0.0137037037,0.0029629630,0.0007407407,0.0007407407
5+,0.0125925926,0.0122222222,0.0085185185,0.0037037037,0.0014814815,0.0000000000
