Portugal\Uzbekistan,0,1,2,3,4,5+
0,0.0911111111,0.0588888889,0.0185185185,0.0048148148,0.0000000000,0.0000000000
1,0.1348148148,0.1203703704,0.0470370370,0.0155555556,0.0011111111,0.0000000000
2,0.1211111111,0.0951851852,0.0362962963,0.0088888889,0.0007407407,0.0003703704
3,0.0562962963,0.0614814815,0.0244444444,0.0059259259,0.0011111111,0.0003703704
4,0.0259259259,0.0207407407,0.0125925926,0.0018518519,0.0011111111,0.0000000000
5+,0.0129629630,0.0137037037,0.0044444444,0.0018518519,0.0003703704,0.0000000000
