Panama\England,0,1,2,3,4,5+
0,0.0803703704,0.1677777778,0.1744444444,0.1140740741,0.0555555556,0.0433333333
1,0.0325925926,0.0877777778,0.0829629630,0.0496296296,0.0248148148,0.0188888889
2,0.0066666667,0.0129629630,0.0155555556,0.0125925926,0.0059259259,0.0040740741
3,0.0007407407,0.0029629630,0.0022222222,0.0022222222,0.0003703704,0.0014814815
4,0.0000000000,0.0000000000,0.0000000000,0.0000000000,0.0000000000,0.0000000000
5+,0.0000000000,0.0000000000,0.0000000000,0.0000000000,0.0000000000,0.0000000000
