Cape Verde\Saudi Arabia,0,1,2,3,4,5+
0,0.1548148148,0.1040740741,0.0374074074,0.0055555556,0.0007407407,0.0000000000
1,0.1674074074,0.1403703704,0.0485185185,0.0118518519,0.0011111111,0.0000000000
2,0.0929629630,0.0796296296,0.0296296296,0.0077777778,0.0007407407,0.0003703704
3,0.0333333333,0.0337037037,0.0107407407,0.0051851852,0.0000000000,0.0000000000
4,0.0088888889,0.0100000000,0.0059259259,0.0022222222,0.0000000000,0.0000000000
5+,0.0022222222,0.0025925926,0.0014814815,0.0007407407,0.0000000000,0.0000000000
