Ghana\Panama,0,1,2,3,4,5+
0,0.1040740741,0.1533333333,0.1129629630,0.0462962963,0.0170370370,0.0129629630
1,0.0774074074,0.1262962963,0.0885185185,0.0377777778,0.0200000000,0.0088888889
2,0.0270370370,0.0481481481,0.0362962963,0.0222222222,0.0085185185,0.0048148148
3,0.0059259259,0.0111111111,0.0114814815,0.0062962963,0.0014814815,0.0018518519
4,0.0003703704,0.0037037037,0.0018518519,0.0014814815,0.0003703704,0.0000000000
5+,0.0003703704,0.0003703704,0.0007407407,0.0000000000,0.0000000000,0.0000000000
