Canada\Qatar,0,1,2,3,4,5+
0,0.0933333333,0.0744444444,0.0251851852,0.0085185185,0.0011111111,0.0000000000
1,0.1403703704,0.1177777778,0.0488888889,0.0114814815,0.0022222222,0.0003703704
2,0.1055555556,0.0900000000,0.0425925926,0.0118518519,0.0022222222,0.0007407407
3,0.0500000000,0.0529629630,0.0214814815,0.0088888889,0.0018518519,0.0003703704
4,0.0270370370,0.0181481481,0.0129629630,0.0022222222,0.0007407407,0.0000000000
5+,0.0096296296,0.0062962963,0.0070370370,0.0025925926,0.0011111111,0.0000000000
