Paraguay\Australia,0,1,2,3,4,5+
0,0.1296296296,0.1148148148,0.0488888889,0.0174074074,0.0037037037,0.0018518519
1,0.1348148148,0.1548148148,0.0670370370,0.0211111111,0.0033333333,0.0018518519
2,0.0700000000,0.0740740741,0.0418518519,0.0085185185,0.0025925926,0.0022222222
3,0.0148148148,0.0300000000,0.0196296296,0.0037037037,0.0018518519,0.0018518519
4,0.0066666667,0.0081481481,0.0051851852,0.0014814815,0.0000000000,0.0000000000
5+,0.0037037037,0.0025925926,0.0014814815,0.0000000000,0.0003703704,0.0000000000
