Colombia\Portugal,0,1,2,3,4,5+
0,0.0651851852,0.0855555556,0.0614814815,0.0222222222,0.0114814815,0.0055555556
1,0.0818518519,0.1340740741,0.0892592593,0.0370370370,0.0148148148,0.0033333333
2,0.0433333333,0.0833333333,0.0618518519,0.0340740741,0.0066666667,0.0074074074
3,0.0192592593,0.0314814815,0.0311111111,0.0155555556,0.0051851852,0.0018518519
4,0.0077777778,0.0111111111,0.0074074074,0.0070370370,0.0018518519,0.0011111111
5+,0.0033333333,0.0029629630,0.0025925926,0.0003703704,0.0007407407,0.0007407407
