Japan\Sweden,0,1,2,3,4,5+
0,0.0900000000,0.0870370370,0.0481481481,0.0188888889,0.0062962963,0.0003703704
1,0.1066666667,0.1370370370,0.0651851852,0.0314814815,0.0037037037,0.0037037037
2,0.0651851852,0.0892592593,0.0451851852,0.0211111111,0.0066666667,0.0014814815
3,0.0303703704,0.0400000000,0.0266666667,0.0174074074,0.0018518519,0.0011111111
4,0.0137037037,0.0125925926,0.0092592593,0.0055555556,0.0011111111,0.0007407407
5+,0.0025925926,0.0048148148,0.0022222222,0.0022222222,0.0003703704,0.0000000000
