Uzbekistan\Colombia,0,1,2,3,4,5+
0,0.0974074074,0.1533333333,0.1170370370,0.0529629630,0.0237037037,0.0111111111
1,0.0751851852,0.1248148148,0.0900000000,0.0437037037,0.0211111111,0.0092592593
2,0.0196296296,0.0414814815,0.0362962963,0.0229629630,0.0077777778,0.0070370370
3,0.0066666667,0.0081481481,0.0125925926,0.0074074074,0.0022222222,0.0014814815
4,0.0003703704,0.0022222222,0.0011111111,0.0007407407,0.0003703704,0.0000000000
5+,0.0007407407,0.0007407407,0.0003703704,0.0000000000,0.0000000000,0.0000000000
