Bosnia and Herzegovina\Qatar,0,1,2,3,4,5+
0,0.0792592593,0.0688888889,0.0185185185,0.0051851852,0.0014814815,0.0000000000
1,0.1507407407,0.1151851852,0.0485185185,0.0129629630,0.0022222222,0.0003703704
2,0.1033333333,0.1044444444,0.0455555556,0.0111111111,0.0011111111,0.0000000000
3,0.0555555556,0.0518518519,0.0211111111,0.0074074074,0.0029629630,0.0007407407
4,0.0229629630,0.0181481481,0.0103703704,0.0029629630,0.0011111111,0.0003703704
5+,0.0155555556,0.0096296296,0.0074074074,0.0018518519,0.0011111111,0.0000000000
