Croatia\Ghana,0,1,2,3,4,5+
0,0.1014814815,0.0925925926,0.0325925926,0.0129629630,0.0040740741,0.0007407407
1,0.1229629630,0.1314814815,0.0640740741,0.0222222222,0.0044444444,0.0014814815
2,0.0777777778,0.0951851852,0.0496296296,0.0174074074,0.0029629630,0.0018518519
3,0.0325925926,0.0351851852,0.0255555556,0.0092592593,0.0014814815,0.0007407407
4,0.0151851852,0.0144444444,0.0081481481,0.0040740741,0.0022222222,0.0003703704
5+,0.0025925926,0.0059259259,0.0044444444,0.0011111111,0.0007407407,0.0000000000
