Egypt\Iran,0,1,2,3,4,5+
0,0.1100000000,0.1059259259,0.0400000000,0.0177777778,0.0014814815,0.0011111111
1,0.1314814815,0.1433333333,0.0711111111,0.0188888889,0.0037037037,0.0018518519
2,0.0777777778,0.0859259259,0.0414814815,0.0118518519,0.0029629630,0.0007407407
3,0.0333333333,0.0333333333,0.0218518519,0.0055555556,0.0011111111,0.0000000000
4,0.0081481481,0.0125925926,0.0081481481,0.0011111111,0.0003703704,0.0000000000
5+,0.0018518519,0.0022222222,0.0011111111,0.0014814815,0.0003703704,0.0000000000
