England\Ghana,0,1,2,3,4,5+
0,0.0725925926,0.0451851852,0.0118518519,0.0029629630,0.0000000000,0.0000000000
1,0.1466666667,0.0966666667,0.0255555556,0.0074074074,0.0011111111,0.0000000000
2,0.1292592593,0.0918518519,0.0374074074,0.0074074074,0.0014814815,0.0000000000
3,0.0959259259,0.0525925926,0.0177777778,0.0048148148,0.0007407407,0.0003703704
4,0.0481481481,0.0307407407,0.0133333333,0.0037037037,0.0000000000,0.0000000000
5+,0.0266666667,0.0203703704,0.0059259259,0.0014814815,0.0000000000,0.0000000000
