Turkey\Paraguay,0,1,2,3,4,5+
0,0.0877777778,0.1100000000,0.0522222222,0.0192592593,0.0070370370,0.0022222222
1,0.1103703704,0.1322222222,0.0692592593,0.0266666667,0.0048148148,0.0048148148
2,0.0544444444,0.0825925926,0.0559259259,0.0166666667,0.0074074074,0.0018518519
3,0.0244444444,0.0381481481,0.0266666667,0.0125925926,0.0037037037,0.0014814815
4,0.0107407407,0.0118518519,0.0077777778,0.0051851852,0.0014814815,0.0003703704
5+,0.0018518519,0.0040740741,0.0022222222,0.0007407407,0.0007407407,0.0003703704
