Uruguay\Cape Verde,0,1,2,3,4,5+
0,0.1440740741,0.0951851852,0.0300000000,0.0055555556,0.0003703704,0.0003703704
1,0.1677777778,0.1433333333,0.0474074074,0.0125925926,0.0018518519,0.0000000000
2,0.0970370370,0.0822222222,0.0292592593,0.0081481481,0.0014814815,0.0003703704
3,0.0385185185,0.0348148148,0.0140740741,0.0051851852,0.0003703704,0.0003703704
4,0.0118518519,0.0114814815,0.0059259259,0.0014814815,0.0000000000,0.0000000000
5+,0.0033333333,0.0048148148,0.0007407407,0.0000000000,0.0000000000,0.0000000000
