Brazil\Haiti,0,1,2,3,4,5+
0,0.0951851852,0.0200000000,0.0029629630,0.0000000000,0.0000000000,0.0000000000
1,0.2140740741,0.0559259259,0.0044444444,0.0003703704,0.0000000000,0.0000000000
2,0.2151851852,0.0529629630,0.0074074074,0.0003703704,0.0000000000,0.0000000000
3,0.1403703704,0.0292592593,0.0022222222,0.0003703704,0.0000000000,0.0000000000
4,0.0703703704,0.0188888889,0.0029629630,0.0007407407,0.0000000000,0.0000000000
5+,0.0500000000,0.0144444444,0.0014814815,0.0000000000,0.0000000000,0.0000000000
