Argentina\Algeria,0,1,2,3,4,5+
0,0.1081481481,0.1122222222,0.0355555556,0.0159259259,0.0011111111,0.0011111111
1,0.1392592593,0.1370370370,0.0618518519,0.0162962963,0.0033333333,0.0033333333
2,0.0762962963,0.0866666667,0.0444444444,0.0137037037,0.0018518519,0.0014814815
3,0.0303703704,0.0366666667,0.0207407407,0.0062962963,0.0011111111,0.0007407407
4,0.0085185185,0.0137037037,0.0100000000,0.0033333333,0.0003703704,0.0003703704
5+,0.0022222222,0.0025925926,0.0022222222,0.0007407407,0.0003703704,0.0000000000
