France\Senegal,0,1,2,3,4,5+
0,0.1070370370,0.1007407407,0.0311111111,0.0088888889,0.0011111111,0.0011111111
1,0.1366666667,0.1370370370,0.0566666667,0.0144444444,0.0033333333,0.0007407407
2,0.0870370370,0.0870370370,0.0485185185,0.0125925926,0.0000000000,0.0025925926
3,0.0351851852,0.0433333333,0.0248148148,0.0081481481,0.0003703704,0.0000000000
4,0.0125925926,0.0140740741,0.0092592593,0.0029629630,0.0003703704,0.0003703704
5+,0.0025925926,0.0037037037,0.0025925926,0.0025925926,0.0000000000,0.0003703704
