Norway\Senegal,0,1,2,3,4,5+
0,0.0585185185,0.0729629630,0.0448148148,0.0192592593,0.0070370370,0.0029629630
1,0.0744444444,0.1133333333,0.0740740741,0.0329629630,0.0111111111,0.0037037037
2,0.0577777778,0.0962962963,0.0766666667,0.0300000000,0.0100000000,0.0033333333
3,0.0240740741,0.0451851852,0.0385185185,0.0203703704,0.0081481481,0.0018518519
4,0.0085185185,0.0144444444,0.0137037037,0.0081481481,0.0037037037,0.0029629630
5+,0.0070370370,0.0037037037,0.0051851852,0.0029629630,0.0011111111,0.0011111111
