Ecuador\Curacao,0,1,2,3,4,5+
0,0.1025925926,0.0225925926,0.0055555556,0.0000000000,0.0000000000,0.0000000000
1,0.2077777778,0.0740740741,0.0111111111,0.0003703704,0.0000000000,0.0000000000
2,0.1885185185,0.0622222222,0.0092592593,0.0011111111,0.0000000000,0.0000000000
3,0.1192592593,0.0462962963,0.0066666667,0.0003703704,0.0000000000,0.0000000000
4,0.0637037037,0.0177777778,0.0044444444,0.0011111111,0.0000000000,0.0000000000
5+,0.0374074074,0.0151851852,0.0025925926,0.0000000000,0.0000000000,0.0000000000
