Norway\France,0,1,2,3,4,5+
0,0.0588888889,0.0759259259,0.0529629630,0.0322222222,0.0092592593,0.0048148148
1,0.0755555556,0.1222222222,0.0866666667,0.0422222222,0.0151851852,0.0059259259
2,0.0448148148,0.0833333333,0.0692592593,0.0322222222,0.0107407407,0.0081481481
3,0.0211111111,0.0362962963,0.0348148148,0.0188888889,0.0062962963,0.0033333333
4,0.0040740741,0.0088888889,0.0100000000,0.0074074074,0.0033333333,0.0011111111
5+,0.0029629630,0.0037037037,0.0033333333,0.0022222222,0.0003703704,0.0014814815
