Argentina\Austria,0,1,2,3,4,5+
0,0.0625925926,0.0637037037,0.0233333333,0.0066666667,0.0011111111,0.0007407407
1,0.1129629630,0.1096296296,0.0511111111,0.0151851852,0.0048148148,0.0003703704
2,0.0937037037,0.1066666667,0.0533333333,0.0166666667,0.0033333333,0.0000000000
3,0.0585185185,0.0611111111,0.0314814815,0.0118518519,0.0022222222,0.0007407407
4,0.0214814815,0.0251851852,0.0144444444,0.0048148148,0.0011111111,0.0000000000
5+,0.0122222222,0.0144444444,0.0092592593,0.0033333333,0.0014814815,0.0003703704
