England\Croatia,0,1,2,3,4,5+
0,0.0737037037,0.0800000000,0.0340740741,0.0125925926,0.0048148148,0.0003703704
1,0.1107407407,0.1325925926,0.0585185185,0.0240740741,0.0062962963,0.0022222222
2,0.0770370370,0.0977777778,0.0559259259,0.0177777778,0.0055555556,0.0014814815
3,0.0359259259,0.0507407407,0.0296296296,0.0111111111,0.0037037037,0.0018518519
4,0.0162962963,0.0159259259,0.0103703704,0.0059259259,0.0018518519,0.0007407407
5+,0.0033333333,0.0081481481,0.0059259259,0.0018518519,0.0011111111,0.0000000000
